Workbook
Name tablaDocente: #REF!

Sheet registros
A1: Clasificación- Mayo | C1: DOMINGO 27 DE ABRIL HORA 10:00 A.M. | D1: SÁBADO 19 DE ABRIL HORA 7:00 P.M | E1: SÁBADO 26 DE ABRIL HORA 3:00 P.M | I1: SÁBADO 26 DE ABRIL HORA 7:00 P.M
A2: Docente | B2: Categoria | C2: Escrito Particular (S/.100.00) | D2: Escrito y Oral (S/.60.00) | E2: Escrito (S/.30.00) | F2: Escrito (S/.40.00) | G2: Escrito y Oral (S/.60.00) | H2: Escrito y Oral (S/.70.00) | I2: Escrito (S/.30.00) | J2: Escrito (S/.40.00) | K2: Escrito y Oral (S/.60.00) | L2: Total Horas | M2: Monto
A3: Cáceres Bobadilla, Yuri Fernando | B3: =VLOOKUP(A3,List!$B$1:$F$137,4,FALSE) -> 37.5 | F3: 1 | J3: 1 | L3: =SUM(C3:K3) -> 2 | M3: =B3*L3 -> 75
A4: Celis Sologuren, Pablo Alberto | B4: =VLOOKUP(A4,List!$B$1:$F$137,4,FALSE) -> 35 | C4: 1 | D4: 2 | E4: 1 | I4: 1 | L4: =SUM(C4:K4) -> 5 | M4: =B4*L4 -> 175
A5: Fernández Puza, Adela Victoria | B5: =VLOOKUP(A5,List!$B$1:$F$137,4,FALSE) -> 37.5 | H5: 2 | L5: =SUM(C5:K5) -> 2 | M5: =B5*L5 -> 75
A6: Huamán Águila, Óscar | B6: =VLOOKUP(A6,List!$B$1:$F$137,4,FALSE) -> 40 | D6: 2 | L6: =SUM(C6:K6) -> 2 | M6: =B6*L6 -> 80
A7: Meléndez León, Sandro Francisco | B7: =VLOOKUP(A7,List!$B$1:$F$137,4,FALSE) -> 35 | G7: 2 | J7: 1 | L7: =SUM(C7:K7) -> 3 | M7: =B7*L7 -> 105
A8: Olivera Vega, Norma Aurora | B8: =VLOOKUP(A8,List!$B$1:$F$137,4,FALSE) -> 37.5 | G8: 2 | K8: 2 | L8: =SUM(C8:K8) -> 4 | M8: =B8*L8 -> 150
A9: Rojas Vilca, Giuliana Rosa | B9: =VLOOKUP(A9,List!$B$1:$F$137,4,FALSE) -> 40 | F9: 1 | J9: 1 | L9: =SUM(C9:K9) -> 2 | M9: =B9*L9 -> 80
L10: =SUM(L3:L9) -> 20 | M10: =SUM(M3:M9) -> 740

Sheet List
A1: N° | B1: Docente | C1: Sede | D1: Categoria (Letra) | E1: Categoria (Monto) | F1: N°. Ruc
A2: 1 | B2: Abarca Chavez, Tania Tatiana | C2: C.U. | D2: C | E2: 35 | F2: 10460255924
A3: 2 | B3: Acosta Cantu, Kelly Marilyn | C3: L.E. | D3: B | E3: 37.5 | F3: 10424766921
A4: 3 | B4: Agip Chinchayan, Raiza Andrea | C4: C.U. | D4: C | E4: 35 | F4: 10730465659
A5: 4 | B5: Aleman Carrero, Luis Hernan | C5: C.U. | D5: C | E5: 35 | F5: 10429394380
A6: 5 | B6: Alves Vieira, Vera Helena | C6: C.U. | D6: B | E6: 37.5 | F6: 15538262703
A7: 6 | B7: Amico Palomino, Carlos Eduardo | C7: C.U. | D7: B | E7: 37.5 | F7: 10254030321
A8: 7 | B8: Barragan Ore, Russ Princess | C8: C.U. | D8: C | E8: 35 | F8: 10474046333
A9: 8 | B9: Baygorria Huallanca, Yesenia | C9: C.U. | D9: B | E9: 37.5 | F9: 10432006552
A10: 9 | B10: Benites Arteaga, Pedro Pablo | C10: C.U. | D10: C | E10: 35 | F10: 10256584846
A11: 10 | B11: Blanco Olivos, Denisse Myrella | C11: C.U. | D11: A | E11: 40 | F11: 10093380873
A12: 11 | B12: Borda Huyhua, Edison Percy | C12: C.U. | D12: B | E12: 37.5 | F12: 10634204011
A13: 12 | B13: Cabrera Echegaray De Blanco, Nora Eulalia | C13: C.U. | D13: B | E13: 37.5 | F13: 10087380411
... A137: 136 | B137: Tello Parra, José Luis | C137: L.E. | D137: B | E137: 37.5 | F137: 10074516501
